{
  "distortion_model": "rational_polynomial",
  "d": [0, 0, 0, 0, 0, 0, 0, 0],
  "k": [
    738.0576171875, 0, 936.5038452148438, 0, 738.0576171875, 594.3272705078125,
    0, 0, 1
  ],
  "r": [1, 0, 0, 0, 1, 0, 0, 0, 1],
  "p": [
    738.0576171875, 0, 936.5038452148438, 0, 0, 738.0576171875,
    594.3272705078125, 0, 0, 0, 1, 0
  ],
  "binning_x": 0,
  "binning_y": 0,
  "x_offset": 0,
  "y_offset": 0,
  "height_offset": 0,
  "width_offset": 0,
  "do_rectify": false
}
