{
  "distortion_model": "plumb_bob",
  "d": [0.00840481, -0.00601427, -0.00062722, 0.0007329, 0.00042214],
  "k": [376.31326302, 0, 936.33256844, 0, 376.31326302, 628.93459367, 0, 0, 1],
  "r": [1, 0, 0, 0, 1, 0, 0, 0, 1],
  "p": [
    376.31326302, 0, 936.33256844, 0, 0, 376.31326302, 628.93459367, 0, 0, 0, 1,
    0
  ],
  "binning_x": 0,
  "binning_y": 0,
  "x_offset": 0,
  "y_offset": 0,
  "height_offset": 0,
  "width_offset": 0,
  "do_rectify": true
}
